type,ratio,conn_size,value_size,iter1,iter2,iter3,iter4,iter5,comment
PARAM,,,,,,,,,"key_size=256,key_space_size=65536,backend_size=21474836480,range_limit=100"
DATA,.0078,32,16,275.2097:35699.6517,275.7598:35770.8341,276.6643:35888.4949,280.6877:36410.3105,282.7565:36678.4655,
DATA,.0078,64,16,287.9189:37347.7926,285.7872:37070.6766,291.0218:37750.2837,291.0041:37746.9637,295.0926:38277.9731,
DATA,.0078,128,16,294.2808:38170.9881,295.0007:38265.7622,295.6440:38344.7534,299.1150:38799.1111,300.5459:38984.9335,
DATA,.0078,256,16,303.7108:39389.2514,304.3208:39472.6254,305.8598:39669.6816,308.2154:39973.2671,311.7550:40435.6755,
DATA,.0078,512,16,316.2363:41009.9776,317.8016:41209.6087,316.0046:40975.1872,318.5808:41312.1544,320.3262:41538.6970,
DATA,.0078,1024,16,332.8710:43138.9717,333.4443:43215.6988,332.6980:43116.0301,334.0257:43289.3462,337.9708:43806.3683,
DATA,.0078,2048,16,339.4003:43933.3206,338.7180:43847.0795,343.4526:44469.4587,342.9706:44405.8955,341.7929:44250.1950,
DATA,.0078,4096,16,346.4605:44747.4009,352.1168:45480.9005,350.5628:45279.4111,345.3134:44597.2115,349.5822:45158.7009,
DATA,.0078,32,32,275.0193:35674.7141,277.1508:35950.7877,281.3887:36501.3467,279.8863:36306.5047,282.4981:36645.3359,
DATA,.0078,64,32,283.7013:36801.1819,283.8610:36819.9436,289.6172:37567.2253,288.5556:37429.2563,292.8362:37984.2122,
DATA,.0078,128,32,294.4567:38195.6540,296.0793:38405.8347,298.1005:38663.8323,300.0342:38918.2497,300.9633:39038.7599,
DATA,.0078,256,32,301.8298:39137.8403,304.6975:39524.3599,306.8154:39798.0549,309.3178:40121.2406,308.7541:40044.3971,
DATA,.0078,512,32,319.3108:41404.6442,318.5293:41309.5251,320.3045:41529.7942,324.1827:42043.2607,322.5172:41818.7291,
DATA,.0078,1024,32,333.8348:43270.7514,333.1346:43182.6308,332.1604:43055.9310,334.5434:43356.5027,334.1247:43318.8554,
DATA,.0078,2048,32,340.8205:44129.3757,345.8192:44780.7407,342.0497:44279.1953,344.9351:44652.8148,338.3354:43811.8068,
DATA,.0078,4096,32,343.3454:44346.7987,349.4686:45135.1009,347.1277:44832.8434,348.4825:45040.2478,343.4122:44357.9805,
DATA,.0078,32,64,273.6960:35503.2176,278.2512:36093.8802,279.2134:36217.3143,280.4898:36384.5395,281.5798:36525.9221,
DATA,.0078,64,64,281.1627:36471.3468,283.8437:36817.9481,288.6079:37437.2055,290.8906:37732.4296,291.6838:37835.1874,
DATA,.0078,128,64,293.4843:38067.0915,296.7299:38490.2242,298.9975:38781.6273,300.7443:39010.0225,302.3922:39222.1024,
DATA,.0078,256,64,303.5753:39377.1749,303.5387:39369.8022,306.3454:39729.8125,308.6153:40027.9769,312.2730:40501.2225,
DATA,.0078,512,64,319.2198:41364.5159,319.9723:41491.8520,319.5366:41433.6028,321.8378:41738.0482,320.7581:41594.6083,
DATA,.0078,1024,64,331.7395:42997.6671,333.4211:43208.0154,331.6439:42981.8714,332.8800:43149.6592,335.7168:43508.3133,
DATA,.0078,2048,64,342.4190:44329.3981,340.2775:44053.0714,343.8498:44519.0973,343.9409:44533.1212,340.6213:44107.6273,
DATA,.0078,4096,64,342.7504:44271.3278,349.5100:45157.3860,349.2192:45123.9378,343.1603:44329.7203,341.8138:44154.3418,
DATA,.0078,32,128,276.0237:35805.0432,278.7092:36153.0775,282.3339:36623.0086,282.7148:36673.2140,284.3253:36881.3467,
DATA,.0078,64,128,286.6108:37177.1531,290.0107:37615.0286,290.8883:37733.3319,293.0064:38007.7860,293.8810:38119.3057,
DATA,.0078,128,128,295.2808:38299.2052,294.8694:38246.0939,297.9294:38646.6062,299.1149:38797.3794,301.5804:39116.2575,
DATA,.0078,256,128,301.8580:39149.8916,303.1494:39321.1440,303.2555:39335.7662,305.6285:39639.6200,308.8066:40052.9529,
DATA,.0078,512,128,318.6882:41317.1037,321.2140:41642.4738,317.7248:41122.9964,322.2201:41785.7534,322.4951:41820.8698,
DATA,.0078,1024,128,334.5421:43358.9046,331.9352:43032.1416,334.5543:43371.7474,331.5358:42973.2987,334.8756:43398.8535,
DATA,.0078,2048,128,342.3097:44298.8574,345.7186:44749.3243,343.4698:44441.5424,345.7264:44777.0666,341.7869:44252.1595,
DATA,.0078,4096,128,340.9718:44042.5528,349.8647:45194.2669,343.1470:44338.7374,346.8138:44802.6950,350.1632:45236.2235,
DATA,.0078,32,256,275.5737:35746.8566,276.0749:35811.8470,279.1194:36206.7247,281.2712:36480.2249,281.3299:36493.6403,
DATA,.0078,64,256,288.2689:37392.9227,288.1403:37375.0692,291.7872:37848.1769,292.5181:37943.4677,294.5132:38203.7281,
DATA,.0078,128,256,293.1003:38020.6465,293.4918:38069.2994,298.0448:38658.9890,299.9354:38905.4805,301.4538:39100.7916,
DATA,.0078,256,256,301.1580:39055.8325,303.5139:39369.2626,307.0305:39818.7305,307.6934:39908.8604,308.9708:40074.5705,
DATA,.0078,512,256,317.2092:41127.4023,317.0331:41084.0190,319.2608:41398.9493,323.4883:41945.6835,321.8842:41745.5626,
DATA,.0078,1024,256,333.0317:43173.0446,331.1486:42931.2680,333.3159:43170.1891,333.2240:43194.0654,335.1520:43442.8120,
DATA,.0078,2048,256,338.8338:43848.6440,336.8001:43623.9365,341.7408:44257.4055,338.7314:43853.3665,337.7926:43715.2865,
DATA,.0078,4096,256,340.4761:43995.5416,342.5319:44247.0038,345.5930:44644.5580,349.0593:45083.1749,346.1013:44714.9314,
DATA,.0078,32,512,272.6949:35373.5485,272.7176:35376.4741,276.8389:35911.1424,278.4377:36118.5876,278.5131:36128.2284,
DATA,.0078,64,512,285.0156:36970.3906,284.2273:36867.8524,286.1535:37116.3294,290.6028:37694.7604,289.0264:37490.9252,
DATA,.0078,128,512,292.7090:37966.5072,291.3096:37783.8426,296.2550:38428.1478,298.0867:38666.3027,299.2080:38810.2528,
DATA,.0078,256,512,302.4821:39228.8731,299.3900:38830.7354,302.4234:39225.9329,305.3936:39611.4129,306.9405:39810.2137,
DATA,.0078,512,512,314.6484:40807.2567,315.3620:40893.5373,313.8774:40697.6302,318.9439:41354.7466,318.5730:41307.6812,
DATA,.0078,1024,512,329.9824:42790.9644,327.3040:42423.8200,327.8066:42489.5048,329.1217:42661.8397,330.1478:42795.1225,
DATA,.0078,2048,512,338.9896:43885.2591,338.0850:43779.8301,339.5640:43965.6572,336.3054:43536.6865,338.5086:43826.0616,
DATA,.0078,4096,512,340.1657:43947.7745,346.0475:44713.2064,346.8084:44784.4293,343.9651:44433.1989,343.3289:44341.2887,
DATA,.0078,32,1024,274.8114:35647.8726,276.6143:35881.9106,277.0021:35926.7511,279.1139:36206.1877,278.3706:36107.3975,
DATA,.0078,64,1024,283.0836:36719.9496,283.3425:36752.5216,284.8597:36949.8077,283.5269:36777.1810,284.3391:36882.1664,
DATA,.0078,128,1024,291.8375:37854.4825,290.8814:37721.5980,293.6301:38088.1741,293.7587:38103.5393,298.1541:38675.0544,
DATA,.0078,256,1024,300.5121:38970.9807,297.8686:38633.9983,299.2346:38811.3341,301.5604:39087.9725,303.0813:39310.6343,
DATA,.0078,512,1024,313.6553:40663.9256,312.3602:40502.5085,313.6099:40672.6085,315.7968:40959.1526,316.5640:41042.4349,
DATA,.0078,1024,1024,327.0396:42379.9418,326.5781:42330.1677,323.3817:41913.5145,325.5285:42189.7072,330.2433:42806.9741,
DATA,.0078,2048,1024,335.2082:43401.3700,337.8374:43739.0018,338.6336:43828.4702,336.5021:43573.5302,335.4335:43432.8548,
DATA,.0078,4096,1024,336.2695:43449.0090,334.3879:43207.6635,340.2259:43950.8570,343.9760:44434.1404,336.4209:43463.2486,
DATA,.1250,32,16,2642.4101:21048.8101,2683.8498:21378.8107,2717.4822:21646.7774,2748.0396:21890.2686,2803.6697:22333.2734,
DATA,.1250,64,16,2871.5225:22804.8490,2889.2521:23014.3763,2960.8097:23584.6451,2964.5690:23614.3717,3018.2908:24042.0513,
DATA,.1250,128,16,3177.4529:25310.1733,3224.8515:25687.4919,3265.0928:26007.5301,3286.3523:26176.5199,3344.7597:26642.9095,
DATA,.1250,256,16,3532.9824:28141.3041,3575.0949:28475.0404,3609.6692:28752.1172,3617.2529:28812.4387,3681.5507:29324.1288,
DATA,.1250,512,16,4020.0970:31986.7152,4042.7446:32191.4786,4021.9946:32034.7264,4093.6509:32604.4062,4028.7082:32082.0355,
DATA,.1250,1024,16,4145.1583:33000.5639,4179.8948:33276.2559,4148.3422:33018.5822,4174.4767:33227.5528,4148.2375:33016.2913,
DATA,.1250,2048,16,4159.0700:33078.4258,4226.6842:33614.3148,4173.3854:33189.1723,4161.7783:33090.2639,4206.9917:33457.5030,
DATA,.1250,4096,16,4124.1788:32738.7765,4122.8804:32722.4691,4150.7992:32946.4340,4155.8743:32988.2027,4153.3874:32966.4764,
DATA,.1250,32,32,2550.2248:20314.4862,2567.4565:20451.6029,2623.0663:20894.7346,2644.5496:21065.7793,2692.7216:21449.5422,
DATA,.1250,64,32,2848.0655:22685.9912,2888.5823:23009.5728,2932.7943:23361.2844,2960.3209:23580.3950,3021.5594:24068.8884,
DATA,.1250,128,32,3168.7222:25240.3318,3208.0921:25551.9371,3258.6859:25957.0811,3284.2991:26159.4821,3315.2348:26405.8979,
DATA,.1250,256,32,3534.1605:28143.8662,3595.0599:28630.3621,3628.7970:28905.4159,3634.7070:28949.9644,3642.4016:29012.2450,
DATA,.1250,512,32,4000.3487:31859.2096,4022.2298:32028.4203,4018.1109:31998.8993,4042.1220:32183.7513,4031.1212:32104.7229,
DATA,.1250,1024,32,4149.2057:33030.7149,4141.8527:32968.1033,4124.5746:32832.1585,4146.0052:33006.7477,4157.2555:33094.7848,
DATA,.1250,2048,32,4152.7342:33024.7503,4176.2918:33218.4362,4170.9946:33173.4702,4136.1479:32891.3915,4181.9127:33258.7038,
DATA,.1250,4096,32,4001.2063:31762.5745,4159.3676:33014.8359,4172.0898:33122.4148,4168.1988:33082.9603,4144.4202:32899.2145,
DATA,.1250,32,64,2627.7170:20931.7521,2638.9640:21021.3064,2707.2044:21564.8310,2721.9525:21682.4844,2769.5634:22061.6252,
DATA,.1250,64,64,2805.9068:22350.3987,2855.4205:22744.8863,2914.0816:23211.9638,2948.1950:23484.0679,2993.8953:23847.4214,
DATA,.1250,128,64,3123.4896:24880.5152,3168.9124:25241.6609,3228.5612:25716.6420,3247.0833:25863.2716,3314.9897:26404.9619,
DATA,.1250,256,64,3554.0552:28307.8329,3538.6549:28185.7654,3600.9989:28680.7755,3598.2892:28660.2185,3630.0067:28914.3491,
DATA,.1250,512,64,3984.3996:31728.9747,4009.2213:31926.8817,3983.9041:31727.0725,3985.6904:31738.3990,3980.5475:31698.8617,
DATA,.1250,1024,64,4059.0484:32322.2716,4092.4235:32570.4150,4088.7566:32545.1969,4117.0983:32767.0162,4097.7255:32613.0242,
DATA,.1250,2048,64,4090.9518:32534.0787,4130.5681:32847.2463,4127.2171:32817.7157,4156.7182:33062.9185,4159.9579:33082.6219,
DATA,.1250,4096,64,4012.5644:31860.0480,4013.6343:31865.5569,4074.5053:32348.5327,4057.1439:32209.2633,4056.8850:32208.6430,
DATA,.1250,32,128,2655.3168:21151.5888,2669.5985:21265.3040,2700.2213:21509.2898,2725.4286:21710.0755,2791.2425:22234.3720,
DATA,.1250,64,128,2853.7375:22731.5027,2870.5537:22865.4729,2908.8874:23170.6647,2971.9697:23673.0775,3011.3610:23986.6988,
DATA,.1250,128,128,3161.9561:25186.8169,3172.2444:25268.1729,3250.3491:25890.3957,3228.0885:25713.1336,3262.0267:25983.5213,
DATA,.1250,256,128,3490.5881:27800.7327,3521.4196:28048.7442,3536.4875:28167.8798,3574.3274:28469.9882,3585.1649:28556.5252,
DATA,.1250,512,128,3953.4963:31482.9709,3945.8364:31423.7528,3975.4756:31656.7281,3997.0620:31834.8335,3923.7868:31244.0526,
DATA,.1250,1024,128,4136.1518:32926.5525,4111.7000:32726.1220,4107.0363:32689.4191,4114.8930:32755.3313,4054.7192:32270.3111,
DATA,.1250,2048,128,4059.3315:32277.2659,4063.3007:32319.1366,4075.6902:32412.4529,4067.2759:32342.7236,4094.7787:32558.9399,
DATA,.1250,4096,128,4040.0116:32067.6463,4078.8110:32379.8137,4085.9262:32420.8429,4036.5475:32046.3724,4025.6165:31958.8424,
DATA,.1250,32,256,2589.8164:20629.7486,2595.1502:20672.3461,2665.4331:21232.2336,2666.9530:21244.1008,2729.9627:21746.1462,
DATA,.1250,64,256,2762.3309:22003.8388,2780.8025:22150.6195,2838.8835:22608.6173,2869.1561:22854.4882,2920.7722:23265.2627,
DATA,.1250,128,256,3082.3462:24552.5160,3078.2942:24520.4082,3144.2786:25044.8992,3154.2942:25125.8571,3215.1360:25610.0913,
DATA,.1250,256,256,3435.7406:27365.6598,3440.2649:27401.1970,3466.7014:27613.9407,3505.5105:27920.0361,3541.9605:28211.9889,
DATA,.1250,512,256,3895.0207:31019.5277,3886.0534:30944.1383,3928.2691:31284.4771,3900.8922:31065.6338,3911.7350:31149.5879,
DATA,.1250,1024,256,4022.6181:32020.4647,4044.6807:32202.5945,4082.3661:32493.3203,4038.1287:32123.2891,4054.0743:32262.9391,
DATA,.1250,2048,256,4038.4142:32109.6328,4048.4505:32195.1006,4072.9391:32391.6120,4038.9754:32120.2734,4078.5243:32435.6285,
DATA,.1250,4096,256,4007.0935:31811.3937,4000.3634:31757.3650,4056.1922:32202.3730,4053.8768:32182.6023,4016.9826:31888.4184,
DATA,.1250,32,512,2467.1947:19653.0068,2455.8845:19563.0080,2501.8387:19928.9652,2542.0586:20249.3558,2604.5586:20747.2665,
DATA,.1250,64,512,2633.4136:20976.4152,2597.6028:20691.4207,2674.3151:21302.5522,2696.9662:21483.1563,2756.2305:21954.4918,
DATA,.1250,128,512,2971.0404:23665.4574,2959.7091:23574.9083,2986.5248:23789.0937,3025.3639:24097.4175,3071.2907:24464.1712,
DATA,.1250,256,512,3321.4493:26453.8129,3315.8933:26410.3539,3366.4386:26813.6844,3372.1475:26858.5296,3379.5774:26917.3703,
DATA,.1250,512,512,3827.1039:30476.5448,3812.9361:30368.3806,3843.7838:30609.6551,3833.6670:30529.1396,3840.9608:30587.9659,
DATA,.1250,1024,512,3934.6790:31320.4922,3911.4786:31133.6710,3961.8268:31537.9101,3953.1856:31468.3122,3971.9008:31616.1273,
DATA,.1250,2048,512,3891.6411:30951.5389,3955.9467:31460.9546,3935.4621:31303.2122,3982.1094:31668.4983,3886.6459:30907.1213,
DATA,.1250,4096,512,3832.1817:30421.7659,3929.8248:31204.5383,3921.9517:31141.7899,3891.5984:30896.0476,3918.6360:31108.8829,
DATA,.1250,32,1024,2423.0433:19301.3647,2352.9316:18742.9041,2384.1047:18991.1420,2409.4665:19193.2538,2446.2781:19486.4862,
DATA,.1250,64,1024,2522.4562:20092.6771,2476.1767:19724.2068,2526.0922:20121.9539,2614.4614:20825.5335,2728.6762:21735.2122,
DATA,.1250,128,1024,2854.3491:22735.5067,2857.3921:22761.0262,2889.4696:23015.5639,2908.7513:23169.9244,2943.4293:23446.1471,
DATA,.1250,256,1024,3254.0983:25918.8460,3214.0097:25598.8011,3263.0072:25982.1942,3269.5012:26040.5211,3256.0102:25934.5492,
DATA,.1250,512,1024,3645.1150:29027.6945,3617.3012:28800.9262,3694.5042:29421.3273,3697.2052:29443.1049,3691.7452:29398.2293,
DATA,.1250,1024,1024,3783.5959:30122.0354,3800.4878:30253.5221,3833.0703:30509.9627,3822.2568:30425.0785,3772.6151:30032.0252,
DATA,.1250,2048,1024,3760.7565:29914.9166,3773.8272:30017.3539,3884.9432:30909.6746,3840.6499:30548.0016,3749.9679:29821.7343,
DATA,.1250,4096,1024,3634.4925:28866.7013,3746.1413:29718.3685,3784.6257:30050.2006,3673.3521:29167.8611,3663.0938:29088.1106,
DATA,.2500,32,16,3678.7754:14723.3015,3655.7328:14631.1249,3718.4074:14881.9699,3792.3119:15177.7325,3828.4095:15322.2143,
DATA,.2500,64,16,4121.3207:16494.0743,4120.9736:16492.7239,4173.4924:16702.9698,4170.1734:16689.5549,4198.7777:16804.5597,
DATA,.2500,128,16,4429.8346:17729.0417,4384.0030:17544.8159,4470.2064:17890.2968,4423.6835:17703.4550,4426.3788:17714.7378,
DATA,.2500,256,16,4654.9875:18629.3987,4659.6454:18648.1851,4645.3063:18589.4877,4623.3892:18501.7435,4652.8665:18620.3977,
DATA,.2500,512,16,4854.0602:19423.2576,4876.6922:19512.6551,4842.0165:19372.8914,4830.7623:19327.7079,4813.6125:19259.6326,
DATA,.2500,1024,16,4962.2336:19850.2261,5006.1444:20024.4861,4952.4108:19808.2372,4981.4599:19927.0212,4971.8797:19888.4023,
DATA,.2500,2048,16,4961.4847:19835.2791,4976.9232:19898.9955,4922.2645:19683.9027,4983.3891:19912.3434,4918.8757:19666.4799,
DATA,.2500,4096,16,4851.4127:19371.8874,4920.8414:19650.4524,4899.8776:19564.1165,4907.6277:19597.2871,4843.4626:19340.9102,
DATA,.2500,32,32,3636.7863:14555.2358,3638.3726:14561.5847,3694.2692:14785.3288,3769.9590:15088.2383,3848.1931:15401.3386,
DATA,.2500,64,32,4121.5026:16494.5901,4127.3377:16518.1706,4118.2149:16481.5730,4155.8517:16632.4314,4187.1728:16757.4655,
DATA,.2500,128,32,4384.6781:17548.1376,4356.7907:17436.2194,4361.9621:17457.3067,4367.4390:17478.2592,4368.2044:17482.3027,
DATA,.2500,256,32,4652.4725:18617.4694,4673.1552:18701.7703,4628.6887:18523.3013,4641.3076:18568.2695,4637.1774:18557.4229,
DATA,.2500,512,32,4838.3451:19360.4789,4842.5205:19376.6479,4817.5793:19277.6383,4799.1493:19203.8590,4809.6233:19245.6165,
DATA,.2500,1024,32,4934.6041:19742.9710,4990.6944:19965.1224,4980.3228:19925.7295,4917.1703:19671.0579,4962.3534:19850.3922,
DATA,.2500,2048,32,4855.3235:19410.5387,4920.0289:19668.9404,4886.5261:19538.9886,4854.9828:19407.7757,4875.2303:19492.9775,
DATA,.2500,4096,32,4787.1754:19115.7642,4948.5597:19759.9002,4891.3306:19530.4049,4918.2183:19634.8201,4865.4303:19429.7330,
DATA,.2500,32,64,3577.7169:14318.7585,3645.9351:14591.8810,3636.1319:14552.6144,3721.9335:14896.1063,3766.6846:15075.1966,
DATA,.2500,64,64,4053.4789:16222.7857,4070.8638:16291.8762,4080.2754:16329.8371,4136.5950:16555.1500,4126.6119:16515.3384,
DATA,.2500,128,64,4343.4912:17379.8294,4352.6318:17419.3754,4356.0522:17433.7120,4350.9109:17411.9514,4341.3858:17374.0459,
DATA,.2500,256,64,4580.8891:18332.6275,4571.6624:18294.7372,4561.7951:18255.6827,4572.4680:18299.1015,4559.7334:18247.8664,
DATA,.2500,512,64,4760.4588:19047.8000,4810.9291:19249.9451,4824.2002:19303.6552,4750.2446:19003.7579,4768.1317:19078.7988,
DATA,.2500,1024,64,4937.4868:19751.2200,4935.9083:19743.3209,4838.4015:19356.2208,4900.6507:19602.2016,4902.4672:19612.1406,
DATA,.2500,2048,64,4868.3526:19466.5739,4898.5829:19583.8299,4835.3316:19336.8804,4864.3914:19450.4323,4901.2363:19594.8362,
DATA,.2500,4096,64,4748.8523:18965.4780,4825.5683:19274.3399,4827.7647:19277.8462,4843.5779:19341.0480,4832.4091:19297.1625,
DATA,.2500,32,128,3569.6411:14286.5471,3566.5980:14274.3378,3596.3961:14393.6383,3685.8868:14751.7706,3718.3791:14881.8028,
DATA,.2500,64,128,4062.2107:16257.8563,4077.2624:16317.5252,4071.9511:16296.4963,4107.6812:16439.7323,4127.2759:16518.0076,
DATA,.2500,128,128,4325.2868:17310.1776,4366.2758:17474.5595,4315.7424:17271.6469,4336.2528:17353.5632,4342.6375:17379.5784,
DATA,.2500,256,128,4597.4575:18397.7562,4554.9849:18227.4460,4568.2602:18281.9815,4564.2226:18265.4092,4594.7482:18387.0323,
DATA,.2500,512,128,4823.0966:19301.3032,4822.0844:19296.8520,4767.7977:19077.4555,4802.6128:19217.7504,4813.2055:19258.5672,
DATA,.2500,1024,128,4930.3900:19726.7582,4946.5882:19788.8190,4881.1912:19526.6904,4917.7653:19671.5452,4927.0469:19710.6456,
DATA,.2500,2048,128,4830.7699:19312.0825,4895.0830:19569.6679,4861.7811:19438.9171,4860.0863:19429.9743,4865.4771:19450.1915,
DATA,.2500,4096,128,4760.8978:19010.5998,4847.6252:19357.4658,4845.0426:19348.1202,4852.1292:19374.8931,4871.6724:19456.7409,
DATA,.2500,32,256,3492.3882:13977.3432,3460.4602:13849.5435,3483.7467:13942.8140,3571.6195:14294.4547,3620.6250:14490.5514,
DATA,.2500,64,256,4012.6463:16059.1893,3965.7450:15871.3728,3980.2587:15929.5673,4033.1493:16141.0603,4016.0905:16073.1611,
DATA,.2500,128,256,4261.5283:17055.3396,4263.2313:17061.8680,4257.2892:17038.1891,4270.6248:17091.5939,4253.9225:17024.8076,
DATA,.2500,256,256,4561.9295:18256.4028,4532.6985:18140.3303,4537.9841:18160.0972,4543.2303:18181.3813,4582.4603:18338.4435,
DATA,.2500,512,256,4719.9137:18885.9268,4707.2178:18835.5794,4716.2506:18872.6815,4761.4666:19053.9263,4748.3336:19002.2893,
DATA,.2500,1024,256,4848.6168:19396.4255,4861.3808:19446.2823,4866.0464:19464.2479,4869.1299:19479.8025,4782.6582:19131.6120,
DATA,.2500,2048,256,4748.3761:18980.1544,4806.3641:19215.5195,4814.5471:19246.4042,4862.9840:19440.2629,4843.8547:19364.4909,
DATA,.2500,4096,256,4749.6550:18967.2356,4823.1340:19259.7031,4819.9430:19249.9750,4788.6802:19121.6690,4770.6608:19049.6392,
DATA,.2500,32,512,3462.4190:13857.3802,3393.4919:13581.5509,3376.2456:13512.5037,3593.7594:14383.0374,3621.0857:14492.3992,
DATA,.2500,64,512,3823.5493:15302.2388,3826.1342:15312.6508,3819.2495:15285.2630,3857.3020:15437.2473,3861.3461:15453.4321,
DATA,.2500,128,512,4078.2061:16321.7479,4049.0528:16205.0961,4107.9920:16440.5170,4107.0753:16436.9145,4095.5569:16390.6226,
DATA,.2500,256,512,4366.9734:17474.9053,4382.1587:17537.0308,4396.2008:17593.1822,4405.9376:17632.3951,4430.0679:17729.6249,
DATA,.2500,512,512,4561.8202:18254.0124,4547.4976:18195.8070,4577.3897:18316.8624,4575.2372:18306.3522,4608.9634:18440.7872,
DATA,.2500,1024,512,4644.3538:18580.2820,4718.0450:18873.9843,4700.1864:18804.0365,4719.7371:18876.0828,4640.3385:18562.5504,
DATA,.2500,2048,512,4636.8255:18539.6495,4668.6731:18667.3211,4627.0556:18500.2594,4657.7983:18620.6896,4660.3450:18634.2530,
DATA,.2500,4096,512,4513.2348:18027.5791,4655.5116:18593.1207,4575.8647:18276.3600,4629.7516:18488.7808,4607.2486:18398.1666,
DATA,.2500,32,1024,3284.7641:13146.4164,3221.8173:12894.4543,3247.7298:12998.1946,3287.9232:13159.0232,3281.9414:13135.1018,
DATA,.2500,64,1024,3641.6751:14574.5160,3678.0026:14719.9016,3620.6382:14490.4098,3655.8324:14631.2968,3617.3287:14477.0936,
DATA,.2500,128,1024,3907.3607:15637.3065,3876.9480:15516.1861,3877.1023:15516.6146,3910.7740:15651.1269,3910.0875:15648.0242,
DATA,.2500,256,1024,4114.0984:16463.9350,4095.9390:16390.8361,4130.8072:16531.6569,4159.5907:16646.2225,4156.3776:16633.1216,
DATA,.2500,512,1024,4348.7624:17388.4327,4335.1656:17348.0614,4359.4396:17444.5203,4357.4822:17435.7829,4360.4032:17447.3011,
DATA,.2500,1024,1024,4412.4366:17651.6963,4454.3690:17820.8371,4455.6026:17821.7346,4435.8898:17745.8812,4465.0469:17864.0540,
DATA,.2500,2048,1024,4417.6738:17655.6556,4411.7385:17640.2867,4437.6555:17741.1992,4460.2687:17832.7420,4448.4295:17786.4643,
DATA,.2500,4096,1024,4262.1923:17024.0816,4414.6604:17631.0871,4334.3129:17307.9263,4395.9974:17558.5664,4375.2964:17467.6168,
DATA,.5000,32,16,4753.8604:9443.9386,4732.9213:9402.3308,4715.4256:9367.5944,4740.3707:9417.1305,4711.3313:9359.4718,
DATA,.5000,64,16,4802.5174:9540.4401,4792.1363:9519.8510,4811.5857:9558.4130,4852.7971:9640.3706,4830.1005:9595.1610,
DATA,.5000,128,16,5005.2510:9943.2069,4942.6849:9818.6376,4999.3610:9931.5592,4964.5976:9862.2221,4978.4940:9890.0441,
DATA,.5000,256,16,5230.6325:10390.0516,5223.6798:10377.1853,5210.8259:10350.9111,5183.7818:10297.5105,5170.9638:10271.9572,
DATA,.5000,512,16,5455.3533:10836.1498,5422.6451:10771.4141,5405.1843:10735.9462,5410.5929:10747.0701,5414.8412:10755.5656,
DATA,.5000,1024,16,5606.0147:11136.8259,5594.1828:11109.2315,5638.2712:11196.5459,5611.8125:11146.0570,5610.0645:11141.7635,
DATA,.5000,2048,16,5616.5840:11151.8857,5670.0544:11255.2035,5645.8036:11207.3730,5625.5908:11167.0027,5614.3631:11144.4706,
DATA,.5000,4096,16,5587.8650:11083.0453,5599.9802:11107.2937,5596.1502:11099.2904,5569.3088:11047.5001,5558.2582:11024.8920,
DATA,.5000,32,32,4670.3809:9278.1009,4634.8265:9207.4635,4680.9462:9299.0555,4633.2262:9204.3059,4614.6894:9167.4766,
DATA,.5000,64,32,4829.0559:9593.1990,4838.9076:9612.7667,4864.1506:9662.9008,4843.8690:9622.5284,4754.7395:9445.6925,
DATA,.5000,128,32,4914.9394:9763.7004,4840.6600:9615.9308,4889.4833:9713.0886,4892.8213:9719.7248,4897.1795:9728.4845,
DATA,.5000,256,32,5194.5960:10318.1817,5203.8007:10336.3855,5208.0708:10345.7871,5161.1832:10252.5937,5164.5741:10259.1893,
DATA,.5000,512,32,5271.7084:10471.3689,5272.0796:10472.6064,5258.7845:10445.4914,5224.3861:10377.4486,5232.2159:10393.0429,
DATA,.5000,1024,32,5549.9887:11021.6507,5552.8064:11026.8277,5523.1674:10968.5749,5512.6096:10947.2546,5525.8420:10974.0591,
DATA,.5000,2048,32,5506.5083:10932.0015,5611.7954:11140.0876,5572.8484:11062.6982,5532.6755:10983.2996,5510.4693:10939.0293,
DATA,.5000,4096,32,5479.3240:10866.9283,5498.2960:10906.0802,5564.1954:11035.7011,5499.1918:10907.6219,5523.3549:10955.3898,
DATA,.5000,32,64,4650.5501:9238.7081,4583.0038:9104.5358,4626.4959:9190.9071,4686.1739:9309.5015,4636.8704:9211.5258,
DATA,.5000,64,64,4718.9954:9374.4916,4687.8004:9312.5214,4733.2930:9402.8672,4780.2150:9496.1482,4728.4919:9393.4659,
DATA,.5000,128,64,4864.0466:9662.6241,4825.8198:9586.7802,4851.3267:9637.2669,4839.1685:9613.3173,4848.2626:9631.1848,
DATA,.5000,256,64,5031.2089:9993.8530,4994.0209:9916.8988,4993.9012:9920.1153,5006.7733:9945.7306,5007.1954:9946.8390,
DATA,.5000,512,64,5336.3641:10599.3663,5310.6634:10547.8891,5331.0403:10589.3669,5282.7672:10492.8398,5314.3536:10554.4758,
DATA,.5000,1024,64,5468.5738:10860.1486,5481.4622:10887.2878,5462.4376:10848.5009,5492.7137:10907.7927,5465.4149:10853.5769,
DATA,.5000,2048,64,5434.7321:10788.8251,5423.6490:10767.2480,5420.5043:10760.4522,5428.1086:10775.1038,5371.0165:10662.6151,
DATA,.5000,4096,64,5392.0647:10695.4735,5495.3975:10900.3166,5449.5472:10812.3323,5455.7641:10821.5814,5417.4945:10745.8120,
DATA,.5000,32,128,4624.1513:9186.2442,4609.3720:9156.8736,4599.9769:9138.2300,4674.9937:9287.2585,4598.8699:9136.0351,
DATA,.5000,64,128,4766.1539:9468.2622,4754.3610:9444.8835,4709.4010:9355.5029,4716.6750:9370.0354,4690.9297:9318.8385,
DATA,.5000,128,128,4815.6317:9566.5102,4794.6048:9524.5826,4829.7943:9594.4674,4881.5280:9697.5156,4846.5977:9627.8500,
DATA,.5000,256,128,5092.1825:10115.6520,5108.6487:10148.0508,5099.2683:10129.2996,5112.6088:10156.0434,5117.8753:10166.6945,
DATA,.5000,512,128,5293.8676:10515.4468,5264.1948:10456.2794,5267.4930:10461.0940,5262.0944:10451.4950,5258.8449:10446.2515,
DATA,.5000,1024,128,5398.7463:10721.9054,5397.7289:10719.8299,5386.0499:10696.4910,5381.8635:10687.9232,5386.4388:10695.7455,
DATA,.5000,2048,128,5553.9089:11022.5211,5414.5153:10747.6527,5434.8267:10788.7766,5448.4758:10814.9121,5467.6455:10853.6736,
DATA,.5000,4096,128,5403.1440:10716.8038,5519.0729:10946.9174,5443.1011:10796.1216,5437.5678:10785.5582,5417.3557:10745.9636,
DATA,.5000,32,256,4539.1862:9017.4668,4478.0613:8896.0325,4488.4630:8916.7236,4510.1055:8959.6825,4518.4634:8976.2836,
DATA,.5000,64,256,4704.4582:9345.6641,4634.7489:9207.2297,4619.8980:9177.6735,4680.6354:9298.4819,4677.9447:9292.8253,
DATA,.5000,128,256,4778.3430:9492.3046,4685.6250:9308.0500,4711.4094:9359.1087,4737.8522:9411.9936,4743.2354:9422.4294,
DATA,.5000,256,256,4937.4449:9807.6776,4904.4697:9742.5774,4920.0693:9773.7481,4961.8913:9856.4277,4923.4594:9780.5337,
DATA,.5000,512,256,5258.1447:10444.3230,5256.0093:10439.8217,5234.1324:10396.3584,5275.1283:10478.2713,5267.5783:10462.6172,
DATA,.5000,1024,256,5401.8382:10727.8484,5388.4266:10701.5099,5378.4331:10681.5050,5388.3167:10700.8090,5387.2028:10698.9022,
DATA,.5000,2048,256,5330.6205:10582.8745,5325.4540:10572.5907,5330.4755:10582.0488,5370.1810:10660.4743,5323.5413:10568.4915,
DATA,.5000,4096,256,5357.4215:10624.9491,5376.0497:10664.0470,5354.5991:10620.1225,5364.9028:10641.7700,5394.6550:10700.8568,
DATA,.5000,32,512,4363.7578:8668.9598,4319.4508:8580.9407,4338.7746:8619.3342,4401.3492:8743.6305,4373.0812:8687.4557,
DATA,.5000,64,512,4525.6533:8990.4449,4455.3658:8850.8556,4486.5311:8912.7039,4522.4022:8984.1051,4540.1159:9019.1254,
DATA,.5000,128,512,4623.2314:9184.1468,4601.9468:9141.7074,4655.3500:9247.9493,4627.3094:9192.4874,4637.2971:9212.0968,
DATA,.5000,256,512,4791.4980:9518.5819,4757.5084:9450.8110,4807.3971:9549.7946,4837.0069:9608.5938,4805.0443:9545.4076,
DATA,.5000,512,512,5033.4216:9997.5311,5061.0818:10053.3039,5041.9002:10015.1692,5063.2446:10057.4244,5065.9720:10062.1207,
DATA,.5000,1024,512,5062.2016:10052.9718,5065.2608:10060.0467,5066.8652:10062.4217,5115.2706:10158.5324,5086.1064:10100.5252,
DATA,.5000,2048,512,5108.0052:10140.8912,5170.9309:10265.8593,5150.7828:10225.9134,5163.6906:10250.3841,5189.9295:10302.7926,
DATA,.5000,4096,512,5065.9939:10051.7546,5121.4207:10160.8101,5023.1817:9965.0890,5155.8275:10228.2193,5096.0944:10109.1685,
DATA,.5000,32,1024,4171.6897:8287.3651,4096.5175:8138.0098,4142.3212:8229.0814,4165.6258:8275.3693,4174.5792:8293.1639,
DATA,.5000,64,1024,4243.6705:8430.2244,4168.2495:8280.3632,4205.6118:8354.6648,4214.8648:8373.0933,4203.1144:8349.8519,
DATA,.5000,128,1024,4368.6365:8678.6646,4314.9962:8571.8997,4360.2867:8661.9623,4376.2212:8693.4816,4375.4296:8691.9887,
DATA,.5000,256,1024,4535.4729:9009.5333,4517.6597:8974.0448,4529.6820:8998.1599,4595.4111:9128.4607,4602.8979:9143.3050,
DATA,.5000,512,1024,4799.5552:9530.8058,4782.9331:9500.4961,4808.4325:9551.3761,4838.1302:9609.9967,4825.0912:9584.5133,
DATA,.5000,1024,1024,4841.9993:9617.3208,4868.0068:9667.5456,4909.4112:9750.3833,4894.1417:9719.6232,4877.3895:9686.1292,
DATA,.5000,2048,1024,4948.4936:9823.9986,4999.1720:9929.9533,4977.7212:9881.8053,4990.8557:9908.5239,4978.2964:9883.0652,
DATA,.5000,4096,1024,4902.8107:9726.2847,4915.5678:9751.9412,4902.0749:9724.5367,4926.2833:9771.6042,4855.4427:9633.0348,
DATA,2.0000,32,16,5841.0426:2896.4229,5820.0310:2886.0070,6005.0712:2977.7578,5999.5883:2975.0369,5949.1547:2950.0323,
DATA,2.0000,64,16,6123.1317:3036.2499,6271.8633:3110.0153,5946.1724:2948.5406,6060.2669:3005.0992,6059.0009:3004.4917,
DATA,2.0000,128,16,6165.1051:3057.0306,6213.8544:3081.2711,6072.9066:3011.3111,6232.4907:3090.4607,6139.3723:3043.7093,
DATA,2.0000,256,16,6287.3550:3117.6351,6284.5600:3116.2077,6231.1657:3089.8403,6276.8990:3112.4799,6310.1410:3128.9018,
DATA,2.0000,512,16,6581.3565:3263.3954,6537.3319:3241.3421,6515.8413:3230.8563,6551.6132:3248.5205,6572.1978:3258.7420,
DATA,2.0000,1024,16,6908.2274:3424.7501,6905.2368:3423.6164,6880.1894:3410.9410,6884.1675:3413.3724,6898.8248:3420.4055,
DATA,2.0000,2048,16,6896.2988:3418.0940,6883.6940:3411.7983,6870.7484:3405.3954,6910.8356:3425.3095,6886.2991:3413.1297,
DATA,2.0000,4096,16,6764.0004:3350.8138,6841.6490:3389.2234,6771.3484:3354.5350,6777.5452:3357.7257,6775.5937:3355.9067,
DATA,2.0000,32,32,5897.8129:2924.5702,6128.2713:3038.8538,5798.1953:2875.1725,6045.6761:2997.8930,5884.5084:2917.9747,
DATA,2.0000,64,32,6123.3678:3036.3805,5910.9105:2931.0505,5941.1068:2946.0234,5977.7807:2964.2039,5879.3867:2915.4142,
DATA,2.0000,128,32,6049.7515:2999.8413,6104.0810:3026.8312,5993.0351:2971.7213,6102.3530:3025.9644,6022.3293:2986.2833,
DATA,2.0000,256,32,6203.4977:3075.8805,6195.0894:3071.8350,6195.3478:3072.0356,6187.5823:3068.1240,6246.2250:3097.2773,
DATA,2.0000,512,32,6436.4392:3191.4711,6425.3053:3185.8260,6420.5443:3183.4506,6406.2151:3176.3556,6384.6675:3165.7459,
DATA,2.0000,1024,32,6793.2333:3367.4390,6756.9272:3349.8834,6745.4138:3344.2236,6791.1743:3367.0006,6768.6110:3355.5872,
DATA,2.0000,2048,32,6840.3656:3390.3188,6834.5437:3388.7097,6834.8352:3387.7011,6854.3675:3397.4398,6840.9914:3390.7026,
DATA,2.0000,4096,32,6717.7663:3328.1737,6819.3611:3378.3755,6827.2107:3382.3035,6811.0883:3374.3260,6818.8596:3378.0976,
DATA,2.0000,32,64,5999.2965:2974.8931,5933.7490:2942.3887,5808.7575:2880.4127,6023.5405:2986.9154,5998.3390:2974.4227,
DATA,2.0000,64,64,5995.6305:2973.0769,5931.9728:2941.4935,5925.4747:2938.2332,5832.0123:2891.9263,5999.0832:2974.7571,
DATA,2.0000,128,64,6068.5572:3009.2396,6070.8202:3010.2854,6031.6013:2990.8227,5993.3692:2971.8526,6125.6884:3037.5336,
DATA,2.0000,256,64,6120.9146:3035.0446,6185.3983:3067.0925,6116.1260:3032.7327,6138.0702:3043.6584,6233.5576:3090.9778,
DATA,2.0000,512,64,6478.5428:3211.1988,6450.1466:3198.2054,6411.9289:3179.2650,6391.9011:3169.2801,6457.9293:3201.8884,
DATA,2.0000,1024,64,6635.1962:3289.4416,6590.0748:3267.2581,6608.2998:3276.1091,6629.9792:3286.7253,6647.9810:3295.9680,
DATA,2.0000,2048,64,6647.5250:3294.8157,6693.9941:3317.8426,6705.0258:3323.3266,6669.5418:3305.8674,6649.7670:3295.9501,
DATA,2.0000,4096,64,6665.0632:3301.7755,6736.4772:3337.2102,6638.9126:3288.9616,6659.7581:3299.3459,6655.0066:3296.9887,
DATA,2.0000,32,128,6006.4892:2978.4645,5924.9116:2938.0107,5837.4164:2894.6245,5907.7844:2929.5141,5968.4477:2959.5999,
DATA,2.0000,64,128,6018.4701:2984.3707,5930.0805:2940.5625,5968.2183:2959.4592,5935.2172:2943.1283,5991.5170:2970.9685,
DATA,2.0000,128,128,6039.9898:2995.0059,5964.3296:2957.5139,5999.4444:2974.9403,5953.5539:2951.9352,5955.1140:2952.9108,
DATA,2.0000,256,128,6170.8266:3059.8209,6199.8397:3074.2391,6180.2357:3064.4671,6181.9416:3065.4295,6164.8856:3056.9789,
DATA,2.0000,512,128,6445.5551:3195.5229,6428.0023:3187.3541,6410.7724:3178.6482,6383.5977:3165.0228,6430.8058:3188.4756,
DATA,2.0000,1024,128,6572.0308:3258.0514,6575.8674:3260.3713,6640.2360:3292.0162,6590.7596:3266.5082,6620.9239:3282.3630,
DATA,2.0000,2048,128,6659.5609:3300.8311,6683.1683:3312.4507,6689.4283:3315.6960,6731.3529:3336.5890,6676.1067:3309.0658,
DATA,2.0000,4096,128,6695.3390:3317.1254,6714.3718:3326.1710,6701.8039:3319.7109,6675.1378:3306.9415,6750.5742:3344.2537,
DATA,2.0000,32,256,5719.2114:2836.0088,5836.3387:2894.0781,5653.0354:2803.1949,5733.5023:2843.0633,5735.8451:2844.2609,
DATA,2.0000,64,256,5877.3940:2914.4139,5777.8991:2865.1015,5627.8648:2790.6751,5703.6095:2828.2677,5716.7098:2834.7381,
DATA,2.0000,128,256,5849.7000:2900.6829,5881.1179:2916.2679,5807.3453:2879.6902,5851.4630:2901.5509,5840.9829:2896.3773,
DATA,2.0000,256,256,5996.2081:2973.2047,5987.6110:2969.0235,5958.1295:2954.3333,5887.7731:2919.5004,5964.0298:2957.2521,
DATA,2.0000,512,256,6276.1909:3112.0256,6247.0137:3097.5389,6222.2030:3085.1382,6166.9731:3057.7672,6192.4268:3070.4231,
DATA,2.0000,1024,256,6515.8088:3230.4301,6505.8577:3225.2519,6427.8184:3186.7343,6429.7135:3187.9356,6469.1610:3207.3841,
DATA,2.0000,2048,256,6639.4190:3290.8733,6644.0545:3293.2390,6584.1519:3263.5429,6600.0222:3271.2793,6629.6825:3285.9735,
DATA,2.0000,4096,256,6600.2826:3269.7856,6605.7043:3272.5995,6525.9234:3233.1405,6500.7589:3220.6581,6515.8515:3228.1814,
DATA,2.0000,32,512,5391.9172:2673.7126,5311.7996:2633.9818,5340.1457:2648.0412,5268.2730:2612.3953,5367.5805:2661.6409,
DATA,2.0000,64,512,5512.7299:2733.6041,5288.0499:2622.1805,5365.6490:2660.6651,5326.3469:2641.1557,5418.4897:2686.8518,
DATA,2.0000,128,512,5543.3901:2748.7912,5425.6675:2690.4283,5416.7784:2686.0155,5476.4556:2715.5672,5515.4462:2734.9190,
DATA,2.0000,256,512,5722.5043:2837.5154,5649.3821:2801.3127,5666.9421:2810.0091,5681.7413:2817.3293,5661.6837:2807.3861,
DATA,2.0000,512,512,5960.6338:2955.4553,5903.2452:2927.0872,5886.4816:2918.6780,5923.4909:2937.1178,5942.4410:2946.6194,
DATA,2.0000,1024,512,6175.9335:3061.9813,6123.7239:3036.1174,6149.6004:3048.7813,6115.9182:3032.5916,6155.3897:3050.9481,
DATA,2.0000,2048,512,6243.1037:3094.5987,6225.8877:3085.9597,6281.5504:3113.5339,6244.1368:3094.9451,6286.4329:3115.9506,
DATA,2.0000,4096,512,6204.6209:3074.0059,6242.7406:3092.7996,6235.9410:3089.4473,6191.3529:3067.4569,6278.7168:3111.1490,
DATA,2.0000,32,1024,5097.6925:2527.8161,4967.7144:2463.3576,4888.8570:2424.2585,4857.4322:2408.6768,4950.7654:2454.9589,
DATA,2.0000,64,1024,5131.6267:2544.6288,4856.5662:2408.2338,4878.8043:2419.2540,4833.6926:2396.8819,4923.3662:2441.3650,
DATA,2.0000,128,1024,5221.7849:2589.3136,5028.0084:2493.2336,5008.6613:2483.6311,5039.2069:2498.7694,5084.9490:2521.3504,
DATA,2.0000,256,1024,5395.9945:2675.6905,5224.0553:2590.4449,5183.5680:2570.3765,5240.3231:2598.4451,5284.2828:2620.2848,
DATA,2.0000,512,1024,5579.9349:2766.7955,5512.7044:2733.4053,5500.7856:2727.5712,5516.5382:2735.2744,5527.9391:2740.1417,
DATA,2.0000,1024,1024,5736.8067:2844.3700,5677.6813:2814.9099,5660.4614:2806.4081,5712.7459:2832.3377,5679.3069:2815.6857,
DATA,2.0000,2048,1024,5858.2033:2903.7355,5887.1294:2918.0748,5875.7824:2912.0945,5904.1752:2926.5730,5899.2418:2924.2900,
DATA,2.0000,4096,1024,5876.7083:2911.6439,5926.2612:2936.2707,5842.5355:2895.2525,5865.0030:2905.8561,5918.9547:2932.7561,
DATA,4.0000,32,16,6281.7251:1548.3584,6036.5176:1487.9170,6341.6525:1563.1261,6266.1464:1544.5189,5956.0761:1468.0889,
DATA,4.0000,64,16,6328.1431:1559.7777,6269.2886:1543.3336,6257.2512:1542.3142,6241.8030:1538.5014,6164.3523:1519.4222,
DATA,4.0000,128,16,6328.0058:1559.7509,6123.8133:1509.4335,6184.8049:1524.4457,6206.6407:1529.8095,6283.1728:1548.7012,
DATA,4.0000,256,16,6478.4767:1596.8081,6349.3078:1564.9850,6390.7584:1575.1860,6388.6887:1574.6669,6432.1035:1585.3980,
DATA,4.0000,512,16,6675.9333:1645.4478,6615.6904:1630.5400,6607.2533:1628.4618,6587.9805:1623.7747,6607.7967:1628.4487,
DATA,4.0000,1024,16,6892.2488:1698.4427,6831.8538:1683.7186,6814.9929:1679.5191,6831.0984:1683.5399,6834.3032:1684.3137,
DATA,4.0000,2048,16,6952.1870:1712.9511,6949.1547:1712.2161,6918.1826:1704.5861,6914.0213:1703.5691,6996.4888:1723.8042,
DATA,4.0000,4096,16,7031.7603:1731.8282,7078.7222:1743.3459,7074.1873:1742.2142,7114.3355:1752.1078,7121.0004:1753.9040,
DATA,4.0000,32,32,6168.3630:1520.4152,6046.4103:1490.3554,6337.0914:1562.0038,6247.8500:1540.0063,6177.6557:1522.7049,
DATA,4.0000,64,32,6301.3006:1553.1644,5976.8261:1473.1923,6272.1349:1545.9822,6137.0500:1512.6832,6232.4366:1536.1933,
DATA,4.0000,128,32,6304.8494:1554.0443,6199.2556:1528.0123,6236.8057:1537.2656,6106.7744:1505.1993,6274.9751:1546.6795,
DATA,4.0000,256,32,6399.6235:1577.2913,6347.3796:1564.4279,6386.7535:1574.2044,6335.4433:1561.5904,6389.8836:1575.0032,
DATA,4.0000,512,32,6642.6956:1637.1150,6572.9887:1619.9928,6577.3674:1621.1629,6533.4470:1610.2445,6585.4053:1623.1192,
DATA,4.0000,1024,32,6837.4737:1685.1329,6814.7742:1679.5171,6823.1069:1681.4995,6852.8395:1688.8648,6824.8670:1681.9326,
DATA,4.0000,2048,32,6869.5941:1692.8056,6887.0800:1696.9308,6931.4755:1707.7694,6867.6920:1692.1371,6919.3439:1704.8534,
DATA,4.0000,4096,32,6948.7069:1711.3893,6973.7102:1717.5158,6971.1402:1716.7791,6938.3057:1708.6678,6944.5176:1710.3681,
DATA,4.0000,32,64,6272.1854:1546.0033,5945.0094:1465.3634,6187.7300:1525.1881,6175.0639:1522.0578,6152.3631:1516.4708,
DATA,4.0000,64,64,6233.6199:1536.4878,6059.1033:1493.4727,6084.3992:1499.7142,5967.0815:1470.7948,6221.6039:1533.5223,
DATA,4.0000,128,64,6299.5041:1552.7345,6110.0411:1506.0337,6076.0881:1497.6595,6165.1071:1519.5951,6197.7013:1527.6418,
DATA,4.0000,256,64,6367.0856:1569.3679,6227.4632:1534.9602,6240.2341:1538.0747,6252.2551:1541.0613,6316.1548:1556.8019,
DATA,4.0000,512,64,6557.8750:1616.1931,6521.6755:1607.3853,6492.2217:1600.1233,6529.5691:1609.3217,6570.4765:1619.4433,
DATA,4.0000,1024,64,6763.2002:1666.7828,6674.9466:1645.0646,6743.6457:1661.9232,6708.7835:1653.3470,6697.6433:1650.6043,
DATA,4.0000,2048,64,6905.2479:1701.3542,6927.9421:1706.9693,6911.3929:1702.8822,6895.0122:1698.9001,6889.1477:1697.3762,
DATA,4.0000,4096,64,6644.8937:1636.5536,6759.5301:1664.7509,6652.2440:1638.4014,6747.3217:1661.7030,6679.1366:1645.0291,
DATA,4.0000,32,128,6186.4353:1524.8693,5999.6877:1478.8361,6005.0375:1480.1568,5839.6026:1439.3767,6093.4369:1501.9470,
DATA,4.0000,64,128,6242.8556:1538.7629,6028.4039:1485.9043,6096.2241:1502.6203,5966.6887:1470.6961,5949.4178:1466.4357,
DATA,4.0000,128,128,6242.7919:1538.7402,6084.0139:1499.5920,6056.4129:1492.8010,6027.6083:1485.6848,6060.3510:1493.7873,
DATA,4.0000,256,128,6270.5410:1545.5356,6105.8032:1504.9541,6177.2925:1522.5341,6183.6684:1524.1086,6211.6626:1531.0486,
DATA,4.0000,512,128,6551.0162:1614.6407,6502.8285:1602.8010,6548.1754:1613.7698,6513.7228:1605.4373,6481.7956:1597.5285,
DATA,4.0000,1024,128,6807.4830:1677.6581,6746.5024:1662.7046,6756.2159:1665.0554,6817.7824:1680.1212,6756.9757:1665.2808,
DATA,4.0000,2048,128,6887.0761:1696.9241,6890.6800:1697.8583,6902.2045:1700.6175,6878.9008:1694.9413,6898.7133:1699.7409,
DATA,4.0000,4096,128,6840.1310:1684.6593,6857.8010:1689.0223,6822.7193:1680.3630,6833.3480:1682.9543,6909.3320:1701.6707,
DATA,4.0000,32,256,6066.4573:1495.2954,5768.1090:1421.7557,5894.5151:1452.9140,5845.0636:1440.7266,5839.6503:1439.3932,
DATA,4.0000,64,256,6164.4979:1519.4513,5850.1989:1441.9112,6007.2839:1480.6973,5778.8797:1424.4072,5826.6768:1436.1857,
DATA,4.0000,128,256,6139.1855:1513.1450,5901.5172:1454.6146,5974.8179:1472.6978,5931.2494:1461.9599,6014.1454:1482.3990,
DATA,4.0000,256,256,6196.2347:1527.2644,6081.6539:1498.9664,6150.6294:1516.0039,6119.2234:1508.2471,6007.3212:1480.6726,
DATA,4.0000,512,256,6425.1866:1583.6074,6282.6357:1548.4360,6339.7825:1562.5476,6281.2063:1548.1337,6289.5301:1550.1287,
DATA,4.0000,1024,256,6693.0646:1649.4694,6642.5424:1636.9969,6645.7575:1637.7935,6636.5643:1635.6509,6592.5355:1624.8164,
DATA,4.0000,2048,256,6831.2724:1683.1824,6801.7307:1675.9156,6802.4528:1676.1166,6771.9553:1668.6139,6762.3268:1666.2638,
DATA,4.0000,4096,256,6709.0243:1652.2667,6756.7756:1664.1808,6709.1120:1652.3169,6746.1029:1661.5366,6726.7384:1656.7097,
DATA,4.0000,32,512,5942.6790:1464.7871,5357.8796:1320.6422,5500.4205:1355.7715,5537.6387:1364.9508,5527.8815:1362.5466,
DATA,4.0000,64,512,5831.2672:1437.3022,5466.4578:1347.3995,5523.7199:1361.4992,5374.6065:1324.7612,5510.8262:1358.3344,
DATA,4.0000,128,512,5846.7082:1441.1203,5476.2994:1349.8033,5560.3382:1370.5178,5600.6880:1380.4733,5540.5753:1365.6563,
DATA,4.0000,256,512,5968.3622:1471.0895,5758.3727:1419.3210,5795.3425:1428.4467,5790.5120:1427.2406,5799.1755:1429.3506,
DATA,4.0000,512,512,6191.2767:1525.9754,6045.6273:1490.0587,6042.3611:1489.2217,6050.7891:1491.3366,6076.1072:1497.5539,
DATA,4.0000,1024,512,6337.5316:1561.9738,6254.0782:1541.3457,6262.2754:1543.2688,6242.5416:1538.5470,6244.0443:1538.8060,
DATA,4.0000,2048,512,6391.4271:1574.8978,6395.3882:1575.8032,6371.6703:1569.9316,6392.2143:1575.0048,6421.3771:1582.2046,
DATA,4.0000,4096,512,6416.1640:1580.2892,6455.9675:1590.1210,6467.9227:1592.9906,6415.2821:1579.8967,6499.1871:1600.7552,
DATA,4.0000,32,1024,5522.5268:1361.2269,4948.2543:1219.6766,4991.7156:1230.3882,5003.1116:1233.1938,5050.4668:1244.8713,
DATA,4.0000,64,1024,5462.1757:1346.3393,4895.1719:1206.5812,4935.3231:1216.4734,5035.4003:1241.1152,4888.7348:1205.0041,
DATA,4.0000,128,1024,5469.4854:1348.1461,5094.4578:1255.7021,5158.6790:1271.5324,5098.7239:1256.7516,5168.8207:1274.0240,
DATA,4.0000,256,1024,5677.3243:1399.3636,5259.0008:1296.2277,5351.7309:1319.0922,5333.9307:1314.7101,5311.7957:1309.2414,
DATA,4.0000,512,1024,5721.3245:1410.1211,5514.5805:1358.6654,5551.0891:1368.1462,5549.5683:1367.7838,5556.1879:1369.4494,
DATA,4.0000,1024,1024,5889.3258:1451.4119,5771.0167:1422.2671,5790.7932:1427.1157,5786.2815:1425.9778,5802.3862:1430.0015,
DATA,4.0000,2048,1024,5987.5494:1475.3629,5948.8517:1465.8739,5981.4987:1473.9490,5977.3269:1472.8661,5971.2468:1471.3222,
DATA,4.0000,4096,1024,5974.9484:1471.6926,6044.9356:1488.9351,6094.2382:1501.0544,5962.9837:1468.7353,6020.1102:1482.8412,
DATA,8.0000,32,16,6447.7782:789.3123,6371.1948:779.9368,6368.8349:779.6469,6461.5593:790.9991,6263.3155:766.7296,
DATA,8.0000,64,16,6438.7541:788.2043,6396.8271:783.0695,6459.6028:790.7580,6235.9969:763.3795,6343.1824:776.4987,
DATA,8.0000,128,16,6386.3891:781.7898,6379.0335:780.8799,6285.6521:769.4583,6214.2734:760.7115,6369.3024:779.6939,
DATA,8.0000,256,16,6524.3900:798.6672,6452.4987:789.8595,6389.5195:782.1651,6360.3140:778.5840,6400.8213:783.5332,
DATA,8.0000,512,16,6749.0432:826.1062,6710.3122:821.3868,6652.6947:814.3672,6713.8158:821.8523,6743.7836:825.4636,
DATA,8.0000,1024,16,6958.7912:851.6938,6915.7422:846.5592,6895.7375:843.9943,6910.2221:845.7799,6881.8116:842.3150,
DATA,8.0000,2048,16,7119.6801:871.2577,7081.2081:866.5295,7110.7529:870.1480,7108.8212:869.9541,7115.2762:870.7394,
DATA,8.0000,4096,16,7125.4377:871.6443,7100.0728:868.5450,7051.5231:862.5564,7088.0131:867.0362,7115.2108:870.3798,
DATA,8.0000,32,32,6676.9546:817.3668,6306.5354:772.0221,6073.9193:743.5452,6211.9297:760.4413,6198.5015:758.7972,
DATA,8.0000,64,32,6406.1273:784.2046,6211.6143:760.3953,6294.4225:770.5331,6246.5000:764.6560,6244.8192:764.4587,
DATA,8.0000,128,32,6352.1208:777.5908,6362.8455:778.9056,6258.9184:766.1804,6389.9546:782.2350,6316.7482:773.1937,
DATA,8.0000,256,32,6575.7286:804.9570,6463.1393:791.1795,6398.8662:783.3042,6378.8316:780.8432,6457.7858:790.5169,
DATA,8.0000,512,32,6719.1352:822.4965,6720.6544:822.6656,6642.8970:813.1410,6655.7434:814.6341,6665.5893:815.9299,
DATA,8.0000,1024,32,6909.9166:845.8229,6840.0479:837.0577,6873.7184:841.3141,6852.0485:838.7984,6864.4463:840.2176,
DATA,8.0000,2048,32,7016.9697:858.7018,6962.9151:852.0890,6996.2213:855.8448,6965.1802:852.1365,6982.7781:854.4874,
DATA,8.0000,4096,32,7044.7903:861.6918,7052.8242:862.7735,7031.8658:860.1463,7055.1610:863.0638,7029.6939:859.9165,
DATA,8.0000,32,64,6235.1464:763.2833,6290.3014:770.0346,6321.4556:773.8465,6220.3313:761.4684,6315.0783:773.0682,
DATA,8.0000,64,64,6341.6791:776.3157,6232.3716:762.9363,5972.4744:731.1194,6193.1412:758.1341,5996.3361:734.0421,
DATA,8.0000,128,64,6311.8458:772.6541,6268.9414:767.4111,6160.7356:754.1658,6233.0551:763.0150,6114.2299:748.4691,
DATA,8.0000,256,64,6408.6673:784.5050,6351.0237:777.4501,6255.5913:765.7592,6331.4132:775.0343,6325.6924:774.3582,
DATA,8.0000,512,64,6648.2489:813.8190,6594.8352:807.2827,6578.4839:805.2682,6574.3511:804.7671,6622.7744:810.6986,
DATA,8.0000,1024,64,6870.9749:841.0066,6798.8781:832.1716,6791.1134:831.1129,6830.4017:836.0314,6793.2814:831.5058,
DATA,8.0000,2048,64,6990.0098:855.4094,6922.1440:847.0592,6932.6794:848.3999,6963.5324:852.1528,6943.4689:849.7273,
DATA,8.0000,4096,64,7059.5559:863.5113,7010.7609:857.6278,7119.2439:870.8575,7113.2890:870.1090,7020.7283:858.8287,
DATA,8.0000,32,128,6576.9443:805.1235,6350.3686:777.3866,6098.3783:746.5400,6181.1233:756.6703,6092.3512:745.8019,
DATA,8.0000,64,128,6342.4911:776.4164,6144.3155:752.1594,5933.8572:726.3973,6151.1292:752.9850,6145.8821:752.3499,
DATA,8.0000,128,128,6371.2518:779.9343,6247.5037:764.7887,6116.3643:748.7374,6149.8043:752.8280,6265.5518:766.9920,
DATA,8.0000,256,128,6441.4395:788.4389,6316.8715:773.2690,6251.5760:765.2736,6242.8403:764.2101,6297.8603:770.9430,
DATA,8.0000,512,128,6592.1744:806.9270,6587.5531:806.3915,6465.9720:791.4785,6491.6751:794.6298,6531.1791:799.4553,
DATA,8.0000,1024,128,6854.8122:839.0130,6809.7827:833.5066,6761.2512:827.5406,6797.5272:832.0578,6767.9116:828.3827,
DATA,8.0000,2048,128,6892.7350:843.4793,6876.7534:841.5601,6862.9484:839.8365,6865.4091:840.1717,6901.6837:844.6478,
DATA,8.0000,4096,128,6943.1079:849.3093,6921.1336:846.7107,6966.4648:852.1555,6984.4942:854.3975,6994.7808:855.6594,
DATA,8.0000,32,256,6408.0027:784.4416,6023.1651:737.3315,5774.8375:706.9308,5873.6096:719.0237,5961.4538:729.7776,
DATA,8.0000,64,256,6249.2272:764.9936,6081.7858:744.5026,5860.1503:717.3717,5734.7513:702.0217,5797.7479:709.7363,
DATA,8.0000,128,256,6161.2989:754.2288,6054.3012:741.1400,5934.8343:726.5151,5990.8447:733.3672,5995.6043:733.9581,
DATA,8.0000,256,256,6351.6713:777.5249,6252.6951:765.4020,6182.2091:756.7713,6227.1847:762.1664,6149.2631:752.7468,
DATA,8.0000,512,256,6544.1537:801.0599,6430.5743:787.1565,6357.9967:778.3007,6380.2298:780.9834,6421.2947:785.9991,
DATA,8.0000,1024,256,6718.2886:822.3206,6654.8580:814.5415,6657.4112:814.8754,6633.5321:811.9105,6663.6535:815.6213,
DATA,8.0000,2048,256,6797.2139:831.8076,6804.5172:832.6917,6793.9222:831.4017,6818.5376:834.4615,6857.6153:839.2702,
DATA,8.0000,4096,256,6851.6561:838.1774,6836.5869:836.3186,6847.2287:837.5937,6902.5229:844.4038,6854.3589:838.4900,
DATA,8.0000,32,512,6065.3330:742.4926,5601.1736:685.6743,5326.1264:652.0041,5314.9289:650.6331,5372.4236:657.6706,
DATA,8.0000,64,512,5910.2564:723.5048,5728.1322:701.2107,5556.0235:680.1414,5501.5811:673.4773,5551.6547:679.6094,
DATA,8.0000,128,512,5925.5817:725.3847,5762.4549:705.4141,5519.2848:675.6479,5622.5510:688.2752,5567.6689:681.5633,
DATA,8.0000,256,512,6000.3789:734.5026,5901.4469:722.4083,5715.9856:699.7116,5858.8999:717.2129,5838.7418:714.7444,
DATA,8.0000,512,512,6215.6274:760.8392,6118.0452:748.8870,6056.2662:741.3495,6065.0204:742.3988,6066.7140:742.6209,
DATA,8.0000,1024,512,6355.4852:777.9243,6277.5937:768.3697,6243.9184:764.2604,6250.2391:765.0149,6269.3125:767.3645,
DATA,8.0000,2048,512,6442.9092:788.4698,6415.3972:785.1047,6422.2433:785.9473,6412.1970:784.7655,6414.8751:785.0733,
DATA,8.0000,4096,512,6433.9281:787.0913,6413.1283:784.5354,6433.2337:787.0000,6454.4085:789.5728,6501.5922:795.5000,
DATA,8.0000,32,1024,5861.6921:717.5642,5456.7600:667.9951,4996.1861:611.6119,4994.0592:611.3538,5081.9620:622.1133,
DATA,8.0000,64,1024,5695.5980:697.2295,5339.1595:653.5971,5004.7181:612.6547,5037.4157:616.6588,5081.3082:622.0283,
DATA,8.0000,128,1024,5575.4725:682.5152,5426.5295:664.2916,5093.8433:623.5638,5128.0702:627.7557,5163.4196:632.0746,
DATA,8.0000,256,1024,5676.6471:694.8888,5498.5082:673.1002,5291.5361:647.7551,5326.2249:652.0059,5329.3031:652.3757,
DATA,8.0000,512,1024,5891.7457:721.2146,5748.9515:703.7205,5587.6388:683.8489,5615.4448:687.3724,5649.3253:691.5280,
DATA,8.0000,1024,1024,5986.4695:732.7667,5904.8938:722.7609,5827.4764:713.3237,5847.4572:715.6847,5868.9822:718.3767,
DATA,8.0000,2048,1024,5970.5430:730.6818,5908.4163:723.0667,5882.8660:719.9503,5916.6666:723.8760,5927.1938:725.3744,
DATA,8.0000,4096,1024,6059.8157:741.4146,6076.5236:743.4015,5980.0030:731.5937,6046.1919:739.6870,6068.0003:742.3642,
DATA,128.0000,32,16,6717.2594:51.0328,6652.4950:50.5409,6567.7242:49.8968,6643.8307:50.4749,6625.9672:50.3393,
DATA,128.0000,64,16,6603.3895:50.1674,6532.6108:49.6297,6567.5560:49.8951,6601.3274:50.1519,6634.3791:50.4027,
DATA,128.0000,128,16,6229.9346:47.3304,6207.6957:47.1613,6244.3632:47.4397,6244.1544:47.4384,6267.1259:47.6127,
DATA,128.0000,256,16,6633.5451:50.3959,6651.6241:50.5332,6618.9321:50.2838,6637.7017:50.4281,6650.8777:50.5273,
DATA,128.0000,512,16,6837.8138:51.9470,6806.6846:51.7091,6771.7135:51.4424,6774.0822:51.4611,6752.9356:51.3007,
DATA,128.0000,1024,16,7041.6805:53.4903,7020.9921:53.3326,6986.8580:53.0722,6977.6461:53.0033,7010.2989:53.2508,
DATA,128.0000,2048,16,7186.4771:54.5825,7212.3944:54.7760,7251.5394:55.0749,7190.7145:54.6124,7197.6618:54.6632,
DATA,128.0000,4096,16,7163.0269:54.3823,7171.3395:54.4474,7207.4307:54.7187,7211.8943:54.7566,7208.3818:54.7272,
DATA,128.0000,32,32,6624.4121:50.3274,6791.5198:51.5970,6631.9902:50.3850,6453.3910:49.0282,6798.3374:51.6488,
DATA,128.0000,64,32,6459.7666:49.0760,6481.7249:49.2429,6461.3326:49.0880,6392.0819:48.5620,6479.9020:49.2293,
DATA,128.0000,128,32,6520.0571:49.5341,6520.6671:49.5388,6523.8660:49.5630,6547.2487:49.7412,6540.1358:49.6871,
DATA,128.0000,256,32,6564.4391:49.8704,6539.3219:49.6801,6584.4157:50.0232,6609.7230:50.2145,6629.0280:50.3607,
DATA,128.0000,512,32,6687.8812:50.8067,6655.7184:50.5628,6669.2577:50.6653,6678.6785:50.7370,6683.5095:50.7742,
DATA,128.0000,1024,32,6958.5352:52.8609,6924.1020:52.5992,6972.1563:52.9564,7003.2700:53.1979,6985.4845:53.0616,
DATA,128.0000,2048,32,7099.6488:53.9164,7101.3321:53.9336,7115.0922:54.0356,7100.7841:53.9267,7111.4580:54.0113,
DATA,128.0000,4096,32,7240.1795:54.9667,7206.1534:54.7128,7211.6022:54.7510,7165.2668:54.3997,7201.2305:54.6723,
DATA,128.0000,32,64,6669.3750:50.6691,6453.0368:49.0255,6497.4621:49.3630,6411.9131:48.7131,6535.0137:49.6482,
DATA,128.0000,64,64,6472.0971:49.1701,6512.9733:49.4807,6467.0075:49.1315,6438.6175:48.9156,6568.6360:49.9030,
DATA,128.0000,128,64,6379.6787:48.4672,6435.3864:48.8912,6456.9227:49.0545,6461.8015:49.0917,6473.6084:49.1802,
DATA,128.0000,256,64,6502.3519:49.3991,6493.6872:49.3338,6473.9750:49.1838,6491.3343:49.3158,6529.5179:49.6053,
DATA,128.0000,512,64,6647.8917:50.5005,6658.2160:50.5813,6620.8103:50.2424,6666.6442:50.6447,6650.9441:50.5258,
DATA,128.0000,1024,64,6905.5045:52.4588,6884.7626:52.2972,6888.8346:52.3293,6915.3361:52.5309,6919.2354:52.5601,
DATA,128.0000,2048,64,7099.4588:53.9204,7084.7595:53.8085,7099.4385:53.9195,7077.5428:53.7511,7085.8403:53.8163,
DATA,128.0000,4096,64,7116.9511:54.0344,7020.4592:53.3004,7047.3828:53.5071,7081.7619:53.7677,7099.4627:53.9012,
DATA,128.0000,32,128,6543.3960:49.7120,6604.9020:50.1792,6596.2383:50.1133,6481.8530:49.2444,6590.2807:50.0681,
DATA,128.0000,64,128,6471.2788:49.1638,6506.1026:49.4283,6486.9035:49.2828,6458.2164:49.0646,6342.6049:48.1864,
DATA,128.0000,128,128,6665.6834:50.6404,6522.9179:49.5556,6497.2956:49.3602,6526.2021:49.5806,6516.9242:49.5099,
DATA,128.0000,256,128,6570.6081:49.9176,6494.6491:49.3372,6514.1406:49.4881,6512.9073:49.4796,6532.1276:49.6246,
DATA,128.0000,512,128,6637.5945:50.4250,6573.6266:49.9385,6656.1431:50.5634,6618.8993:50.2836,6634.5969:50.4018,
DATA,128.0000,1024,128,6898.9469:52.4064,6877.4004:52.2426,6884.9839:52.2999,6916.7440:52.5398,6874.9582:52.2209,
DATA,128.0000,2048,128,6924.9161:52.5912,7008.6744:53.2293,6981.2653:53.0217,6988.0508:53.0730,6987.5833:53.0697,
DATA,128.0000,4096,128,7013.0452:53.2465,7050.1926:53.5248,7045.6380:53.4928,7041.9569:53.4629,7010.1689:53.2241,
DATA,128.0000,32,256,6351.4591:48.2538,6417.1959:48.7532,6236.6536:47.3816,6263.0861:47.5824,6430.9306:48.8575,
DATA,128.0000,64,256,6400.2250:48.6239,6486.7498:49.2816,6369.3227:48.3891,6290.0362:47.7865,6407.9977:48.6832,
DATA,128.0000,128,256,6335.7616:48.1344,6290.6649:47.7916,6292.9429:47.8088,6299.6308:47.8594,6310.0657:47.9391,
DATA,128.0000,256,256,6299.9187:47.8604,6296.1538:47.8325,6320.8069:48.0193,6315.5107:47.9789,6355.9337:48.2863,
DATA,128.0000,512,256,6561.8840:49.8490,6549.3781:49.7545,6519.0508:49.5244,6535.5513:49.6485,6554.6805:49.7949,
DATA,128.0000,1024,256,6691.7313:50.8309,6703.3672:50.9208,6704.9854:50.9358,6696.4785:50.8695,6732.1773:51.1411,
DATA,128.0000,2048,256,6895.7445:52.3727,6915.7993:52.5232,6930.7452:52.6396,6934.9896:52.6701,6947.2961:52.7641,
DATA,128.0000,4096,256,6898.7809:52.3789,6901.2064:52.3911,6909.4208:52.4593,6843.6530:51.9595,6905.6382:52.4299,
DATA,128.0000,32,512,6126.4708:46.5445,6080.7377:46.1970,6136.8112:46.6230,5985.8175:45.4759,6093.5700:46.2944,
DATA,128.0000,64,512,6033.7665:45.8397,6132.8239:46.5923,6081.7294:46.2043,6128.0093:46.5560,6105.8070:46.3871,
DATA,128.0000,128,512,6049.7166:45.9603,6026.9917:45.7882,5998.4856:45.5713,6008.7697:45.6502,6019.4135:45.7302,
DATA,128.0000,256,512,6061.0553:46.0461,6067.6000:46.0959,6022.4910:45.7537,6053.0576:45.9860,6107.1215:46.3961,
DATA,128.0000,512,512,6266.2186:47.6044,6238.8885:47.3967,6243.7895:47.4321,6272.0501:47.6482,6237.5461:47.3858,
DATA,128.0000,1024,512,6364.2219:48.3450,6376.7227:48.4409,6323.5495:48.0350,6398.6671:48.6049,6341.9705:48.1772,
DATA,128.0000,2048,512,6521.5822:49.5323,6510.7469:49.4526,6500.8388:49.3724,6518.0882:49.5039,6474.3070:49.1733,
DATA,128.0000,4096,512,6543.2855:49.6880,6599.4805:50.1107,6533.7095:49.6062,6537.5696:49.6370,6554.8700:49.7665,
DATA,128.0000,32,1024,5674.2270:43.1087,5771.5547:43.8480,5819.9998:44.2161,5759.3440:43.7553,5853.6548:44.4717,
DATA,128.0000,64,1024,5809.7536:44.1382,5755.3377:43.7247,5703.0369:43.3273,5824.8035:44.2522,5721.3265:43.4664,
DATA,128.0000,128,1024,5633.0242:42.7948,5717.2372:43.4347,5613.9499:42.6503,5712.5924:43.3997,5658.4108:42.9882,
DATA,128.0000,256,1024,5704.2629:43.3360,5724.5756:43.4896,5725.8612:43.5002,5716.9114:43.4315,5766.1913:43.8065,
DATA,128.0000,512,1024,5821.8293:44.2289,5823.6907:44.2411,5831.8981:44.3038,5818.5674:44.2024,5833.0766:44.3133,
DATA,128.0000,1024,1024,5963.3888:45.2995,5966.5486:45.3239,5987.0576:45.4804,6010.0831:45.6550,5958.5768:45.2667,
DATA,128.0000,2048,1024,6068.9860:46.0954,6085.2359:46.2185,6060.2276:46.0296,6092.9714:46.2772,6079.9955:46.1782,
DATA,128.0000,4096,1024,6082.2826:46.1806,6046.5503:45.9117,6070.9284:46.0945,6052.2499:45.9546,6070.3713:46.0921,
